<?xml version="1.0" encoding="UTF-8"?>
<project xmlns="http://maven.apache.org/POM/4.0.0" xmlns:xsi="http://www.w3.org/2001/XMLSchema-instance" xsi:schemaLocation="http://maven.apache.org/POM/4.0.0 http://maven.apache.org/maven-v4_0_0.xsd">
  <modelVersion>4.0.0</modelVersion>
  <groupId>ec.asgmt</groupId>
  <artifactId>stats-client</artifactId>
  <name>stats client</name>
  <version>0.2.0</version>
  <description>Client program to access components on WildFly</description>
  <build>
    <finalName>${project.artifactId}</finalName>
    <plugins>
      <plugin>
        <artifactId>maven-jar-plugin</artifactId>
        <version>2.3.1</version>
        <executions>
          <execution>
            <id>default-jar</id>
            <phase>package</phase>
          </execution>
        </executions>
      </plugin>
      <plugin>
        <artifactId>maven-shade-plugin</artifactId>
        <version>2.4.2</version>
        <executions>
          <execution>
            <phase>package</phase>
            <goals>
              <goal>shade</goal>
            </goals>
          </execution>
        </executions>
        <configuration>
          <transformers>
            <transformer>
              <mainClass>ec.stats.StatsSBClientEar</mainClass>
            </transformer>
          </transformers>
          <finalName>${project.artifactId}</finalName>
        </configuration>
      </plugin>
    </plugins>
  </build>
</project>

